Type,Content
Email,"""I'm feeling overwhelmed with workload and need support."""
Chat,"""Great job on the project! The team worked really well together."""
Survey Response,"""Training could be improved; more hands-on sessions would be beneficial."""
Email,"""The new software is clunky and difficult to navigate."""
Chat,"""Quick question about the deadline – is it still Friday?"""
Survey Response,"""Overall, I'm satisfied with my role and the company culture."""
Email,"""Requesting a meeting to discuss my performance review."""
Chat,"""Need help troubleshooting this issue with the client database."""
Survey Response,"""Communication could be clearer and more consistent."""
Email,"""I've completed the project ahead of schedule and under budget."""
Chat,"""Let's schedule a quick call to go over the next steps."""
Survey Response,"""The company's benefits package is excellent."""
Email,"""I'm concerned about the lack of career progression opportunities."""
Chat,"""This new marketing campaign is brilliant!"""
Survey Response,"""More opportunities for professional development would be appreciated."""
Email,"""Could we discuss my salary expectations for the next year?"""
Chat,"""Thanks for your help on that – really appreciate it!"""
Survey Response,"""The work-life balance is manageable."""
Email,"""Reporting a bug in the current system."""
Chat,"""Just wanted to say thanks for the team lunch!"""
Survey Response,"""I feel valued and respected by my colleagues."""
Email,"""I'm requesting a leave of absence for personal reasons."""
Chat,"""Any updates on the Johnson account?"""
Survey Response,"""The office environment is positive and collaborative."""
Email,"""I have a suggestion for improving our sales process."""
Chat,"""Need some advice on how to handle this difficult client."""
Survey Response,"""Management is supportive and approachable."""
Email,"""I'm submitting my resignation, effective [date]."""
Chat,"""Great presentation today!  Really insightful."""
Survey Response,"""The workload is consistently high."""
Email,"""I'm interested in applying for the open position in [department]."""
Chat,"""Quick question about the expense report process."""
Survey Response,"""I believe the company values innovation."""
Email,"""Following up on the previous email regarding the project delay."""
Chat,"""Excellent work on meeting the tight deadline!"""
Survey Response,"""More regular feedback sessions would be helpful."""
Email,"""I'm experiencing technical difficulties with my company laptop."""
Chat,"""Let's brainstorm some ideas for the new product launch."""
Survey Response,"""I feel my contributions are recognized."""
Email,"""I'm requesting additional training on [specific skill]."""
Chat,"""Is anyone available to help with this urgent task?"""
Survey Response,"""The company culture promotes work-life integration."""
Email,"""I'm experiencing burnout and need to discuss workload management."""
Chat,"""Congratulations on your promotion!"""
Survey Response,"""I am satisfied with the opportunities for growth within the company."""
